record_time_ns,height_bin_index,height_label_m,odometry_z_m,odometry_stamp_ns,leg_stamp_ns,leg_meas_stamp_ns,leg_sequence,waist_stamp_ns,waist_meas_stamp_ns,waist_sequence,arm_stamp_ns,arm_meas_stamp_ns,arm_sequence,leg__left_ankle_pitch_joint_position,leg__left_ankle_roll_joint_position,leg__left_hip_pitch_joint_position,leg__left_hip_roll_joint_position,leg__left_hip_yaw_joint_position,leg__left_knee_joint_position,leg__right_ankle_pitch_joint_position,leg__right_ankle_roll_joint_position,leg__right_hip_pitch_joint_position,leg__right_hip_roll_joint_position,leg__right_hip_yaw_joint_position,leg__right_knee_joint_position,waist__waist_pitch_joint_position,waist__waist_roll_joint_position,waist__waist_yaw_joint_position,arm__left_elbow_joint_position,arm__left_shoulder_pitch_joint_position,arm__left_shoulder_roll_joint_position,arm__left_shoulder_yaw_joint_position,arm__left_wrist_pitch_joint_position,arm__left_wrist_roll_joint_position,arm__left_wrist_yaw_joint_position,arm__right_elbow_joint_position,arm__right_shoulder_pitch_joint_position,arm__right_shoulder_roll_joint_position,arm__right_shoulder_yaw_joint_position,arm__right_wrist_pitch_joint_position,arm__right_wrist_roll_joint_position,arm__right_wrist_yaw_joint_position
1786003399125653748,91,0.91,0.9097610084383232,1786003399155470610,1786003399158966767,0,1210018,1786003399158966767,0,1210019,1786003399158966767,0,1210016,-0.29960155487060547,-0.002780437469482422,-0.2909727096557617,0.006231784820556641,-0.014093399047851562,0.5254769325256348,-0.3017106056213379,0.023488998413085938,-0.2624025344848633,-0.026173114776611328,-0.038252830505371094,0.5003581047058105,-0.0296296615490145,-0.004179711609836055,-0.010258197784423828,-1.1766424179077148,0.39298105239868164,-0.011217117309570312,-0.0050811767578125,-0.00934600830078125,0.00629425048828125,0.013326168060302734,-1.175300121307373,0.3931732177734375,0.006615161895751953,0.006231784820556641,-0.00934600830078125,-0.00247955322265625,-0.007381916046142578
1786003405149068402,90,0.9,0.9047250239754268,1786003405181127787,1786003405182433228,0,1213030,1786003405182433228,0,1213031,1786003405182433228,0,1213028,-0.35808372497558594,-0.002972126007080078,-0.3546319007873535,0.006231784820556641,-0.015052318572998047,0.6460843086242676,-0.3592338562011719,0.023488998413085938,-0.32567834854125977,-0.027132034301757812,-0.037677764892578125,0.6228833198547363,-0.028284382047662236,-0.002556887560600485,-0.010449886322021484,-1.1774096488952637,0.3203096389770508,-0.011217117309570312,-0.0050811767578125,-0.00934600830078125,0.00629425048828125,0.013326168060302734,-1.1758756637573242,0.3216519355773926,0.006615161895751953,0.006231784820556641,-0.00934600830078125,-0.00247955322265625,-0.007381916046142578
1786003405284278715,89,0.89,0.8942801037824551,1786003405317113638,1786003405316433936,0,1213097,1786003405316433936,0,1213098,1786003405316433936,0,1213095,-0.4188666343688965,-0.003930568695068359,-0.4439849853515625,0.006231784820556641,-0.018120288848876953,0.7893176078796387,-0.42250967025756836,0.023488998413085938,-0.4117717742919922,-0.028090476989746094,-0.037102699279785156,0.7653493881225586,-0.022966414480465703,0.0017115062686723246,-0.010258197784423828,-1.1764507293701172,0.2840700149536133,-0.011217117309570312,-0.0050811767578125,-0.00934600830078125,0.00629425048828125,0.013326168060302734,-1.17472505569458,0.28330326080322266,0.006615161895751953,0.006231784820556641,-0.00934600830078125,-0.00247955322265625,-0.007381916046142578
1786003405384234509,88,0.88,0.8842491480379946,1786003405417112589,1786003405416433312,0,1213147,1786003405416433312,0,1213148,1786003405416433312,0,1213145,-0.45568180084228516,-0.004122257232666016,-0.5082197189331055,0.006998538970947266,-0.02042102813720703,0.8903675079345703,-0.4602837562561035,0.023488998413085938,-0.4717884063720703,-0.028282642364501953,-0.03729438781738281,0.862947940826416,-0.0067572197418584706,0.008034511368197649,-0.009491443634033203,-1.1768341064453125,0.25109004974365234,-0.011217117309570312,-0.0050811767578125,-0.00934600830078125,0.00629425048828125,0.013326168060302734,-1.1751084327697754,0.2516651153564453,0.006615161895751953,0.006231784820556641,-0.00934600830078125,-0.00247955322265625,-0.007381916046142578
1786003405484290966,87,0.87,0.8747004756397596,1786003405517104387,1786003405516432978,0,1213197,1786003405516432978,0,1213198,1786003405516432978,0,1213195,-0.48271799087524414,-0.004122257232666016,-0.5609498023986816,0.007381916046142578,-0.022913455963134766,0.9684076309204102,-0.4882783889770508,0.023488998413085938,-0.524134635925293,-0.02847433090209961,-0.03748607635498047,0.9394540786743164,0.015926990550102788,0.010093073305509355,-0.009491443634033203,-1.1762590408325195,0.22712182998657227,-0.011217117309570312,-0.0050811767578125,-0.00934600830078125,0.00629425048828125,0.013326168060302734,-1.1737666130065918,0.22865581512451172,0.006615161895751953,0.006231784820556641,-0.00934600830078125,-0.00247955322265625,-0.007381916046142578
1786003405602050555,86,0.86,0.8647850828511057,1786003405631105900,1786003405634434020,0,1213256,1786003405634434020,0,1213257,1786003405634434020,0,1213254,-0.5049600601196289,-0.0033555030822753906,-0.6131043434143066,0.007765293121337891,-0.02444744110107422,1.0491323471069336,-0.5101370811462402,0.02387237548828125,-0.5747551918029785,-0.028666019439697266,-0.03748607635498047,1.0153846740722656,0.04884303051921544,0.015001633588776531,-0.009299278259277344,-1.1762590408325195,0.1893482208251953,-0.011217117309570312,-0.0050811767578125,-0.00934600830078125,0.00629425048828125,0.013326168060302734,-1.1739583015441895,0.18800592422485352,0.006615161895751953,0.006231784820556641,-0.00934600830078125,-0.00247955322265625,-0.007381916046142578
1786003405713496378,85,0.85,0.8534859400025044,1786003405745096207,1786003405746433437,0,1213312,1786003405746433437,0,1213313,1786003405746433437,0,1213310,-0.5216422080993652,-0.0023965835571289062,-0.6575889587402344,0.007765293121337891,-0.025214672088623047,1.112983226776123,-0.5250935554504395,0.024831295013427734,-0.6186647415161133,-0.02943277359008789,-0.03633546829223633,1.0788521766662598,0.08331382202044353,0.01802701203172326,-0.009491443634033203,-1.1762590408325195,0.1575183868408203,-0.011217117309570312,-0.0050811767578125,-0.00934600830078125,0.00629425048828125,0.013326168060302734,-1.1743416786193848,0.15771007537841797,0.006615161895751953,0.006231784820556641,-0.00934600830078125,-0.00247955322265625,-0.007381916046142578
1786003405796434954,84,0.84,0.844999121443289,1786003405827093840,1786003405829433020,0,1213353,1786003405829433020,0,1213354,1786003405829433020,0,1213351,-0.533721923828125,-0.0018215179443359375,-0.6886515617370605,0.007765293121337891,-0.025406360626220703,1.158618450164795,-0.5356392860412598,0.025214672088623047,-0.6491522789001465,-0.029624462127685547,-0.034801483154296875,1.123720645904541,0.1150609525729541,0.02042641748795976,-0.009491443634033203,-1.1762590408325195,0.13048219680786133,-0.011217117309570312,-0.0050811767578125,-0.00934600830078125,0.00629425048828125,0.013326168060302734,-1.1743416786193848,0.13335847854614258,0.006615161895751953,0.006231784820556641,-0.00934600830078125,-0.00247955322265625,-0.007381916046142578
1786003405884232306,83,0.8300000000000001,0.8347765143795188,1786003405917086840,1786003405917436728,0,1213397,1786003405917436728,0,1213398,1786003405917436728,0,1213395,-0.5467605590820312,-0.001438140869140625,-0.7189474105834961,0.007765293121337891,-0.025406360626220703,1.2040619850158691,-0.5471439361572266,0.025406360626220703,-0.6788725852966309,-0.029816150665283203,-0.03345918655395508,1.1697392463684082,0.15101950585317767,0.021178374793396036,-0.009299278259277344,-1.1762590408325195,0.1036376953125,-0.011217117309570312,-0.0050811767578125,-0.00934600830078125,0.00629425048828125,0.013326168060302734,-1.1743416786193848,0.10593891143798828,0.006615161895751953,0.006231784820556641,-0.00934600830078125,-0.00247955322265625,-0.007381916046142578
1786003405961058247,82,0.8200000000000001,0.8243427475206138,1786003405991086721,1786003405993433103,0,1213435,1786003405993433103,0,1213436,1786003405993433103,0,1213433,-0.5561561584472656,-0.001438140869140625,-0.7413816452026367,0.007765293121337891,-0.025406360626220703,1.244328498840332,-0.5565395355224609,0.025406360626220703,-0.701690673828125,-0.030008316040039062,-0.03173351287841797,1.2092390060424805,0.19281368751562475,0.01857688143438576,-0.009299278259277344,-1.1762590408325195,0.07928657531738281,-0.011217117309570312,-0.0050811767578125,-0.00934600830078125,0.00629425048828125,0.013326168060302734,-1.1745333671569824,0.0802454948425293,0.006615161895751953,0.006231784820556641,-0.00934600830078125,-0.00247955322265625,-0.007381916046142578
1786003406019773329,81,0.81,0.8145412726379755,1786003406051082134,1786003406053442062,0,1213465,1786003406051504229,0,1213465,1786003406051504229,0,1213462,-0.5622916221618652,-0.001438140869140625,-0.7551870346069336,0.007765293121337891,-0.025406360626220703,1.273665428161621,-0.5626754760742188,0.025406360626220703,-0.7170300483703613,-0.03020000457763672,-0.029624462127685547,1.2422194480895996,0.23826435243609356,0.01690988601273196,-0.009107589721679688,-1.1770262718200684,0.05972862243652344,-0.011217117309570312,-0.0050811767578125,-0.00934600830078125,0.00629425048828125,0.013326168060302734,-1.175300121307373,0.05838632583618164,0.006615161895751953,0.006231784820556641,-0.00934600830078125,-0.00247955322265625,-0.007381916046142578
1786003406084276978,80,0.8,0.8018536333857842,1786003406117070198,1786003406117434895,0,1213497,1786003406117434895,0,1213498,1786003406117434895,0,1213495,-0.566126823425293,-0.0012464523315429688,-0.7672667503356934,0.007765293121337891,-0.024639129638671875,1.304919719696045,-0.5667018890380859,0.02559804916381836,-0.7300682067871094,-0.030391693115234375,-0.028090476989746094,1.2751994132995605,0.31626176368599074,0.016937935117683448,-0.009107589721679688,-1.177793025970459,0.03499317169189453,-0.01064157485961914,-0.0050811767578125,-0.00934600830078125,0.00629425048828125,0.013326168060302734,-1.1756839752197266,0.03614377975463867,0.006231784820556641,0.006231784820556641,-0.00934600830078125,-0.00247955322265625,-0.007381916046142578
1786003406114090321,79,0.79,0.7944452563111081,1786003406141084194,1786003406147434562,0,1213512,1786003406147434562,0,1213513,1786003406147434562,0,1213510,-0.5680441856384277,-0.0012464523315429688,-0.7908515930175781,0.007765293121337891,-0.024639129638671875,1.3229436874389648,-0.5691947937011719,0.02559804916381836,-0.7530779838562012,-0.03058338165283203,-0.027132034301757812,1.2926478385925293,0.3342689770062893,0.01622979418558119,-0.009107589721679688,-1.1762590408325195,0.0369110107421875,-0.011408805847167969,-0.0050811767578125,-0.00934600830078125,0.00629425048828125,0.013326168060302734,-1.1745333671569824,0.03729438781738281,0.007190227508544922,0.006231784820556641,-0.00934600830078125,-0.00247955322265625,-0.007381916046142578
1786003406154871476,78,0.78,0.7847212883288979,1786003406187070608,1786003406187434895,0,1213532,1786003406187434895,0,1213533,1786003406187434895,0,1213530,-0.5741796493530273,-0.0012464523315429688,-0.8111767768859863,0.007765293121337891,-0.02444744110107422,1.3457612991333008,-0.5759053230285645,0.02559804916381836,-0.7722525596618652,-0.030775070190429688,-0.025981426239013672,1.3148903846740723,0.34866922429469976,0.0181783787748188,-0.009107589721679688,-1.1729989051818848,0.034801483154296875,-0.012558937072753906,-0.0054645538330078125,-0.00934600830078125,0.00629425048828125,0.013326168060302734,-1.1697392463684082,0.037102699279785156,0.007381916046142578,0.006423473358154297,-0.00934600830078125,-0.00247955322265625,-0.007381916046142578
1786003406219629440,77,0.77,0.7742738582407127,1786003406251067877,1786003406251503854,0,1213564,1786003406251503854,0,1213565,1786003406251503854,0,1213562,-0.5822334289550781,-0.0012464523315429688,-0.8420476913452148,0.007190227508544922,-0.024255752563476562,1.3747148513793945,-0.5854930877685547,0.02559804916381836,-0.8046574592590332,-0.031158447265625,-0.02502298355102539,1.3467202186584473,0.3491,0.01826689745065599,-0.009107589721679688,-1.172807216644287,0.005656242370605469,-0.011217117309570312,-0.0054645538330078125,-0.00934600830078125,0.00629425048828125,0.013326168060302734,-1.16878080368042,0.008149147033691406,0.007190227508544922,0.006615161895751953,-0.00934600830078125,-0.00247955322265625,-0.007381916046142578
1786003406297298757,76,0.76,0.7648442956604301,1786003406327065468,1786003406329433104,0,1213603,1786003406329433104,0,1213604,1786003406329433104,0,1213601,-0.5893278121948242,-0.0012464523315429688,-0.8796296119689941,0.005656242370605469,-0.024255752563476562,1.410954475402832,-0.5956554412841797,0.02559804916381836,-0.8414721488952637,-0.03269243240356445,-0.024255752563476562,1.3844938278198242,0.3491,0.017898527036091516,-0.009107589721679688,-1.1789436340332031,-0.03058338165283203,-0.011024951934814453,-0.0054645538330078125,-0.00934600830078125,0.00629425048828125,0.013326168060302734,-1.1764507293701172,-0.03269243240356445,0.006998538970947266,0.006423473358154297,-0.00934600830078125,-0.00247955322265625,-0.007381916046142578
1786003406378385528,75,0.75,0.7546913925671463,1786003406407058954,1786003406411434895,0,1213644,1786003406411434895,0,1213645,1786003406411434895,0,1213642,-0.5985317230224609,-0.0018215179443359375,-0.9135684967041016,0.0033555030822753906,-0.02502298355102539,1.4471940994262695,-0.6083102226257324,0.025214672088623047,-0.8759865760803223,-0.03518533706665039,-0.024064064025878906,1.4222674369812012,0.3491,0.01789852694624632,-0.009107589721679688,-1.1791353225708008,-0.044005393981933594,-0.011024951934814453,-0.0054645538330078125,-0.00934600830078125,0.00629425048828125,0.013326168060302734,-1.1756839752197266,-0.041129112243652344,0.006998538970947266,0.006423473358154297,-0.00934600830078125,-0.00247955322265625,-0.007381916046142578
1786003406449237827,74,0.74,0.7446500935413821,1786003406481107235,1786003406481434020,0,1213679,1786003406481434020,0,1213680,1786003406481434020,0,1213677,-0.6071600914001465,-0.00220489501953125,-0.9432888031005859,0.0020132064819335938,-0.025214672088623047,1.4786405563354492,-0.6198153495788574,0.02502298355102539,-0.9064736366271973,-0.036527156829833984,-0.02329730987548828,1.4562067985534668,0.3491,0.0185420832920723,-0.009107589721679688,-1.177793025970459,-0.05972862243652344,-0.011217117309570312,-0.0054645538330078125,-0.00934600830078125,0.00629425048828125,0.013326168060302734,-1.1737666130065918,-0.05953693389892578,0.006998538970947266,0.006423473358154297,-0.00934600830078125,-0.00247955322265625,-0.007381916046142578
1786003406531649429,73,0.73,0.7344207003643841,1786003406561058760,1786003406563434937,0,1213720,1786003406563434937,0,1213721,1786003406563434937,0,1213718,-0.6175146102905273,-0.002780437469482422,-0.9741597175598145,-0.0006709098815917969,-0.025214672088623047,1.5162229537963867,-0.6341958045959473,0.024639129638671875,-0.9369611740112305,-0.039403438568115234,-0.022530078887939453,1.4966645240783691,0.3491,0.018633724012552266,-0.009107589721679688,-1.177793025970459,-0.09194183349609375,-0.011217117309570312,-0.0054645538330078125,-0.00934600830078125,0.00629425048828125,0.013326168060302734,-1.1739583015441895,-0.09290027618408203,0.006806850433349609,0.006423473358154297,-0.00934600830078125,-0.00247955322265625,-0.007381916046142578
1786003406614226437,72,0.72,0.7241250125903111,1786003406647041559,1786003406647434937,0,1213762,1786003406647434937,0,1213763,1786003406647434937,0,1213760,-0.6303610801696777,-0.003547191619873047,-1.001387596130371,-0.0025887489318847656,-0.025406360626220703,1.5534210205078125,-0.650111198425293,0.02444744110107422,-0.9638056755065918,-0.04132080078125,-0.021571636199951172,1.5365476608276367,0.3491,0.01863372401109466,-0.009107589721679688,-1.177793025970459,-0.11303377151489258,-0.011217117309570312,-0.0054645538330078125,-0.00934600830078125,0.00629425048828125,0.013326168060302734,-1.1751084327697754,-0.11533451080322266,0.006806850433349609,0.006423473358154297,-0.00934600830078125,-0.00247955322265625,-0.007381916046142578
1786003406690475772,71,0.71,0.7146942398988756,1786003406721041441,1786003406723433646,0,1213800,1786003406723433646,0,1213801,1786003406723433646,0,1213798,-0.642824649810791,-0.003738880157470703,-1.0257391929626465,-0.004314422607421875,-0.025789737701416016,1.5865931510925293,-0.6642999649047852,0.024255752563476562,-0.9883489608764648,-0.04285478591918945,-0.020229339599609375,1.5714449882507324,0.3491,0.018356551892469628,-0.008915901184082031,-1.177793025970459,-0.1314411163330078,-0.011217117309570312,-0.0054645538330078125,-0.00934600830078125,0.00629425048828125,0.013326168060302734,-1.1749167442321777,-0.13067388534545898,0.006806850433349609,0.006423473358154297,-0.00934600830078125,-0.00247955322265625,-0.007381916046142578
1786003406772803559,70,0.7000000000000001,0.7043825685955796,1786003406801045895,1786003406805435437,0,1213841,1786003406805435437,0,1213842,1786003406805435437,0,1213839,-0.6558632850646973,-0.003930568695068359,-1.051816463470459,-0.0054645538330078125,-0.025981426239013672,1.6247501373291016,-0.6782975196838379,0.024255752563476562,-1.0146183967590332,-0.04419708251953125,-0.018695354461669922,1.6097936630249023,0.3491,0.018631983862084662,-0.008915901184082031,-1.177793025970459,-0.15905237197875977,-0.011217117309570312,-0.0054645538330078125,-0.00934600830078125,0.00629425048828125,0.013326168060302734,-1.174149990081787,-0.15828514099121094,0.006806850433349609,0.006423473358154297,-0.00934600830078125,-0.00247955322265625,-0.007381916046142578
1786003406850211131,69,0.6900000000000001,0.6944749267783386,1786003406881089449,1786003406882474521,0,1213880,1786003406882474521,0,1213881,1786003406882474521,0,1213878,-0.6666007041931152,-0.003930568695068359,-1.0761680603027344,-0.006615161895751953,-0.025789737701416016,1.6575384140014648,-0.6907610893249512,0.024831295013427734,-1.038010597229004,-0.04515552520751953,-0.01754474639892578,1.6443085670471191,0.3491,0.018539223269241928,-0.008915901184082031,-1.1776013374328613,-0.18071985244750977,-0.011217117309570312,-0.0054645538330078125,-0.00934600830078125,0.00629425048828125,0.013326168060302734,-1.174149990081787,-0.18244552612304688,0.006806850433349609,0.006423473358154297,-0.00934600830078125,-0.00247955322265625,-0.007381916046142578
1786003406931365318,68,0.68,0.6846586545395734,1786003406961097002,1786003406964434021,0,1213921,1786003406964434021,0,1213922,1786003406964434021,0,1213919,-0.6775307655334473,-0.003930568695068359,-1.1012864112854004,-0.007765769958496094,-0.025789737701416016,1.6930112838745117,-0.7036075592041016,0.025214672088623047,-1.0631294250488281,-0.04630613327026367,-0.016010761260986328,1.680356502532959,0.3491,0.018446323086489216,-0.008915901184082031,-1.1768341064453125,-0.20161962509155273,-0.011217117309570312,-0.0054645538330078125,-0.00934600830078125,0.00629425048828125,0.013326168060302734,-1.174149990081787,-0.20123577117919922,0.006806850433349609,0.006423473358154297,-0.00934600830078125,-0.00247955322265625,-0.007381916046142578
1786003407014399072,67,0.67,0.6748415673648126,1786003407041127205,1786003407046433479,0,1213962,1786003407046433479,0,1213963,1786003407046433479,0,1213960,-0.6867341995239258,-0.003930568695068359,-1.127364158630371,-0.008532524108886719,-0.025789737701416016,1.7259912490844727,-0.7137703895568848,0.02559804916381836,-1.089590072631836,-0.0470733642578125,-0.014668941497802734,1.713911533355713,0.3491,0.01918212179376926,-0.008915901184082031,-1.1766424179077148,-0.2269301414489746,-0.011217117309570312,-0.005272865295410156,-0.00934600830078125,0.00629425048828125,0.013326168060302734,-1.174149990081787,-0.2265462875366211,0.006806850433349609,0.006423473358154297,-0.00934600830078125,-0.00247955322265625,-0.007381916046142578
1786003407096596724,66,0.66,0.6647742006530768,1786003407127024889,1786003407128435271,0,1214003,1786003407128435271,0,1214004,1786003407128435271,0,1214001,-0.6961297988891602,-0.004122257232666016,-1.153249740600586,-0.009107589721679688,-0.025789737701416016,1.759547233581543,-0.7239327430725098,0.025789737701416016,-1.1147089004516602,-0.04745674133300781,-0.013326168060302734,1.7466998100280762,0.3491,0.019642248182686936,-0.008915901184082031,-1.1766424179077148,-0.25051450729370117,-0.011217117309570312,-0.005272865295410156,-0.00934600830078125,0.00629425048828125,0.013326168060302734,-1.1737666130065918,-0.2508978843688965,0.006806850433349609,0.006423473358154297,-0.00934600830078125,-0.00247955322265625,-0.007381916046142578
1786003407184484198,65,0.65,0.6537954911002002,1786003407217022657,1786003407216432854,0,1214047,1786003407216432854,0,1214048,1786003407216432854,0,1214045,-0.7041831016540527,-0.0046977996826171875,-1.183736801147461,-0.009491443634033203,-0.025789737701416016,1.7931022644042969,-0.7329444885253906,0.025789737701416016,-1.1432790756225586,-0.047840118408203125,-0.011983871459960938,1.7817893028259277,0.3491,0.0198261631058233,-0.008915901184082031,-1.1766424179077148,-0.2746744155883789,-0.011217117309570312,-0.005272865295410156,-0.00934600830078125,0.00629425048828125,0.013326168060302734,-1.173574447631836,-0.2746744155883789,0.006806850433349609,0.006423473358154297,-0.00934600830078125,-0.00247955322265625,-0.007381916046142578
1786003407261822436,64,0.64,0.644646925548258,1786003407291039467,1786003407294435021,0,1214086,1786003407294435021,0,1214087,1786003407294435021,0,1214084,-0.7101273536682129,-0.005272865295410156,-1.210197925567627,-0.009874820709228516,-0.025789737701416016,1.8233985900878906,-0.738889217376709,0.025789737701416016,-1.1691641807556152,-0.04803180694580078,-0.01064157485961914,1.812276840209961,0.3491,0.020100767074415615,-0.008915901184082031,-1.1760673522949219,-0.29614973068237305,-0.011217117309570312,-0.005272865295410156,-0.00934600830078125,0.00629425048828125,0.013326168060302734,-1.173574447631836,-0.2967252731323242,0.006806850433349609,0.006423473358154297,-0.00934600830078125,-0.00247955322265625,-0.007381916046142578
1786003407349843866,63,0.63,0.6338949023044651,1786003407381018877,1786003407382435229,0,1214130,1786003407382435229,0,1214131,1786003407382435229,0,1214128,-0.7149209976196289,-0.0054645538330078125,-1.2412605285644531,-0.010258197784423828,-0.025789737701416016,1.8552274703979492,-0.7440662384033203,0.025789737701416016,-1.1996517181396484,-0.04822349548339844,-0.008532524108886719,1.8448734283447266,0.3491,0.02000365982750794,-0.008915901184082031,-1.1758756637573242,-0.3210768699645996,-0.011217117309570312,-0.005272865295410156,-0.00934600830078125,0.00629425048828125,0.013326168060302734,-1.173574447631836,-0.3216519355773926,0.006615161895751953,0.006423473358154297,-0.00934600830078125,-0.00247955322265625,-0.007381916046142578
1786003407426014088,62,0.62,0.6248745618605815,1786003407457005262,1786003407458435979,0,1214168,1786003407458435979,0,1214169,1786003407458435979,0,1214166,-0.7187557220458984,-0.006039619445800781,-1.268871784210205,-0.010449886322021484,-0.025789737701416016,1.882455825805664,-0.7480926513671875,0.025789737701416016,-1.2272629737854004,-0.04822349548339844,-0.007190227508544922,1.8728680610656738,0.3491,0.02018747238458396,-0.008915901184082031,-1.1758756637573242,-0.3437027931213379,-0.011217117309570312,-0.005272865295410156,-0.00934600830078125,0.00629425048828125,0.013326168060302734,-1.1731910705566406,-0.3433189392089844,0.006615161895751953,0.006423473358154297,-0.00934600830078125,-0.00247955322265625,-0.007381916046142578
1786003407513866054,61,0.61,0.614019727328938,1786003407547140598,1786003407546433563,0,1214212,1786003407546433563,0,1214213,1786003407546433563,0,1214210,-0.7233572006225586,-0.006615161895751953,-1.3005099296569824,-0.01064157485961914,-0.025789737701416016,1.914093017578125,-0.7530779838562012,0.025789737701416016,-1.260434627532959,-0.04822349548339844,-0.0054645538330078125,1.9054646492004395,0.3491,0.0203761787886489,-0.008915901184082031,-1.1756839752197266,-0.3701634407043457,-0.011217117309570312,-0.005272865295410156,-0.00934600830078125,0.00629425048828125,0.013326168060302734,-1.1720409393310547,-0.36862945556640625,0.006615161895751953,0.006423473358154297,-0.00934600830078125,-0.00247955322265625,-0.007381916046142578
1786003407596603357,60,0.6,0.6044662088660682,1786003407626992702,1786003407628432729,0,1214253,1786003407628432729,0,1214254,1786003407628432729,0,1214251,-0.7264251708984375,-0.007190227508544922,-1.330613613128662,-0.01064157485961914,-0.025789737701416016,1.9424715042114258,-0.7571043968200684,0.025789737701416016,-1.2899632453918457,-0.04822349548339844,-0.004313945770263672,1.9344182014465332,0.3491,0.020317655438519603,-0.008915901184082031,-1.1751084327697754,-0.39202213287353516,-0.011217117309570312,-0.005272865295410156,-0.00934600830078125,0.00629425048828125,0.013326168060302734,-1.1714653968811035,-0.39163923263549805,0.006615161895751953,0.006423473358154297,-0.00934600830078125,-0.00247955322265625,-0.007381916046142578
1786003407679368719,59,0.59,0.594674517726473,1786003407707028627,1786003407712438563,0,1214295,1786003407712438563,0,1214296,1786003407712438563,0,1214293,-0.7296848297119141,-0.007765293121337891,-1.3616762161254883,-0.01064157485961914,-0.025789737701416016,1.9718084335327148,-0.7607474327087402,0.025789737701416016,-1.3206424713134766,-0.04803180694580078,-0.002780437469482422,1.9647140502929688,0.3491,0.02047869535242811,-0.008915901184082031,-1.1751084327697754,-0.4152235984802246,-0.011217117309570312,-0.005272865295410156,-0.00934600830078125,0.00629425048828125,0.013326168060302734,-1.1710820198059082,-0.4161820411682129,0.006615161895751953,0.006423473358154297,-0.00934600830078125,-0.00247955322265625,-0.007381916046142578
1786003407755870725,58,0.58,0.5847583306215922,1786003407786989689,1786003407788433479,0,1214333,1786003407788433479,0,1214334,1786003407788433479,0,1214331,-0.7314105033874512,-0.008532524108886719,-1.3908209800720215,-0.010833263397216797,-0.025981426239013672,1.9976930618286133,-0.7626652717590332,0.025406360626220703,-1.3507466316223145,-0.04764842987060547,-0.0018215179443359375,1.9902162551879883,0.3491,0.020208018530351524,-0.008915901184082031,-1.17472505569458,-0.43804121017456055,-0.011217117309570312,-0.005272865295410156,-0.00934600830078125,0.00629425048828125,0.013326168060302734,-1.1705069541931152,-0.43765783309936523,0.006615161895751953,0.006423473358154297,-0.00934600830078125,-0.00247955322265625,-0.007381916046142578
1786003407843493266,57,0.5700000000000001,0.5744394324004058,1786003407870994806,1786003407875434438,0,1214376,1786003407875434438,0,1214377,1786003407875434438,0,1214374,-0.7333283424377441,-0.00968313217163086,-1.4253358840942383,-0.010833263397216797,-0.02655649185180664,2.0270309448242188,-0.7647743225097656,0.025214672088623047,-1.3850688934326172,-0.046689510345458984,-0.0008625984191894531,2.019169330596924,0.3491,0.02032226415106473,-0.008915901184082031,-1.17472505569458,-0.4643101692199707,-0.011217117309570312,-0.005272865295410156,-0.00934600830078125,0.00629425048828125,0.013326168060302734,-1.1703152656555176,-0.46239280700683594,0.006615161895751953,0.006423473358154297,-0.00934600830078125,-0.00247955322265625,-0.007381916046142578
1786003407920699120,56,0.56,0.5646358340997545,1786003407951040745,1786003407953497563,0,1214415,1786003407953497563,0,1214416,1786003407953497563,0,1214413,-0.7350540161132812,-0.01064157485961914,-1.455439567565918,-0.010833263397216797,-0.0267486572265625,2.0521488189697266,-0.766883373260498,0.02502298355102539,-1.4167065620422363,-0.04592275619506836,0.0010547637939453125,2.045438289642334,0.3491,0.02012995608826742,-0.008915901184082031,-1.1743416786193848,-0.48578548431396484,-0.011217117309570312,-0.005272865295410156,-0.00934600830078125,0.00629425048828125,0.013326168060302734,-1.1703152656555176,-0.4852104187011719,0.006615161895751953,0.006423473358154297,-0.00934600830078125,-0.00247955322265625,-0.007381916046142578
1786003408008423283,55,0.55,0.5544037895410849,1786003408036978960,1786003408041433313,0,1214459,1786003408041433313,0,1214460,1786003408041433313,0,1214457,-0.7358212471008301,-0.012175559997558594,-1.4905290603637695,-0.01064157485961914,-0.0267486572265625,2.0791854858398438,-0.7678427696228027,0.024255752563476562,-1.4516048431396484,-0.044963836669921875,0.002780437469482422,2.0743918418884277,0.3491,0.01990459978392268,-0.008915901184082031,-1.174149990081787,-0.5097537040710449,-0.011217117309570312,-0.005272865295410156,-0.00934600830078125,0.00629425048828125,0.013326168060302734,-1.1703152656555176,-0.5109038352966309,0.006615161895751953,0.006423473358154297,-0.00934600830078125,-0.00247955322265625,-0.007381916046142578
1786003408084513549,54,0.54,0.5449694180295545,1786003408116968870,1786003408117434063,0,1214497,1786003408117434063,0,1214498,1786003408117434063,0,1214495,-0.736396312713623,-0.013901710510253906,-1.5194826126098633,-0.00968313217163086,-0.027515411376953125,2.1033449172973633,-0.768226146697998,0.02329730987548828,-1.4797906875610352,-0.04304647445678711,0.003930568695068359,2.098935127258301,0.3491,0.019632176023008305,-0.008915901184082031,-1.1739583015441895,-0.5333385467529297,-0.011217117309570312,-0.005272865295410156,-0.00934600830078125,0.00629425048828125,0.013326168060302734,-1.1701226234436035,-0.5329546928405762,0.006615161895751953,0.006423473358154297,-0.00934600830078125,-0.00247955322265625,-0.007381916046142578
1786003408178536809,53,0.53,0.5345427744291379,1786003408206957340,1786003408211435896,0,1214544,1786003408211435896,0,1214545,1786003408211435896,0,1214542,-0.7373552322387695,-0.015819072723388672,-1.5534210205078125,-0.00795745849609375,-0.02828216552734375,2.1344079971313477,-0.768226146697998,0.02214670181274414,-1.5167980194091797,-0.04074573516845703,0.0054645538330078125,2.1292309761047363,0.3491,0.01889249320603607,-0.008915901184082031,-1.173574447631836,-0.5605659484863281,-0.011217117309570312,-0.005272865295410156,-0.00934600830078125,0.00629425048828125,0.013326168060302734,-1.1699309349060059,-0.5590319633483887,0.006615161895751953,0.006423473358154297,-0.00934600830078125,-0.00247955322265625,-0.007381916046142578
1786003408267094587,52,0.52,0.524560199724733,1786003408297124863,1786003408299434646,0,1214588,1786003408299434646,0,1214589,1786003408299434646,0,1214587,-0.7375469207763672,-0.01927042007446289,-1.5860176086425781,-0.006998538970947266,-0.030391693115234375,2.160676956176758,-0.768226146697998,0.02003765106201172,-1.5497779846191406,-0.038828372955322266,0.005847930908203125,2.1568422317504883,0.3491,0.017839766723553835,-0.008915901184082031,-1.1724238395690918,-0.5845341682434082,-0.011217117309570312,-0.005272865295410156,-0.00934600830078125,0.00629425048828125,0.013326168060302734,-1.1697392463684082,-0.5839591026306152,0.006615161895751953,0.006423473358154297,-0.00934600830078125,-0.00247955322265625,-0.007381916046142578
1786003408355110930,51,0.51,0.5145324766473947,1786003408386945724,1786003408387433980,0,1214632,1786003408387433980,0,1214633,1786003408387433980,0,1214630,-0.7381219863891602,-0.02214670181274414,-1.6176557540893555,-0.005656242370605469,-0.03269243240356445,2.1880970001220703,-0.768226146697998,0.018120288848876953,-1.5827579498291016,-0.036527156829833984,0.005847930908203125,2.1842617988586426,0.3491,0.017230816368719103,-0.008915901184082031,-1.1714649200439453,-0.6102275848388672,-0.011217117309570312,-0.005272865295410156,-0.00934600830078125,0.00629425048828125,0.013326168060302734,-1.1695475578308105,-0.6106119155883789,0.006615161895751953,0.006423473358154297,-0.00934600830078125,-0.00247955322265625,-0.007381916046142578
1786003408449460800,50,0.5,0.5043113838218659,1786003408481076002,1786003408481434355,0,1214679,1786003408481434355,0,1214680,1786003408481434355,0,1214677,-0.7383136749267578,-0.02483081817626953,-1.650827407836914,-0.0046977996826171875,-0.033843040466308594,2.21685791015625,-0.7676506042480469,0.016585826873779297,-1.6165051460266113,-0.03460979461669922,0.006806850433349609,2.2137904167175293,0.3491,0.015733243193829186,-0.008915901184082031,-1.1712732315063477,-0.638606071472168,-0.011217117309570312,-0.005272865295410156,-0.00934600830078125,0.00629425048828125,0.013326168060302734,-1.169355869293213,-0.6363053321838379,0.006615161895751953,0.006423473358154297,-0.00934600830078125,-0.00247955322265625,-0.007381916046142578
1786003408543527460,49,0.49,0.49466062613556694,1786003408571035862,1786003408575434438,0,1214726,1786003408575434438,0,1214727,1786003408575434438,0,1214724,-0.7390809059143066,-0.027515411376953125,-1.6830406188964844,-0.0023965835571289062,-0.03537702560424805,2.243701934814453,-0.7659244537353516,0.015435218811035156,-1.6519780158996582,-0.031350135803222656,0.007765769958496094,2.2412099838256836,0.3491,0.014373043077761126,-0.008915901184082031,-1.1712732315063477,-0.6642999649047852,-0.011217117309570312,-0.005272865295410156,-0.00934600830078125,0.00629425048828125,0.013326168060302734,-1.1689724922180176,-0.6635332107543945,0.006615161895751953,0.006423473358154297,-0.00934600830078125,-0.00247955322265625,-0.007381916046142578
1786003408631891424,48,0.48,0.4849652440858224,1786003408661027431,1786003408663433480,0,1214770,1786003408663433480,0,1214771,1786003408663433480,0,1214768,-0.739464282989502,-0.03058338165283203,-1.7141032218933105,-9.584426879882812e-05,-0.03729438781738281,2.2690134048461914,-0.7636237144470215,0.013326168060302734,-1.686300277709961,-0.028090476989746094,0.00795745849609375,2.266136646270752,0.3491,0.011201898374621433,-0.008915901184082031,-1.17108154296875,-0.689610481262207,-0.011217117309570312,-0.005272865295410156,-0.00934600830078125,0.00629425048828125,0.013326168060302734,-1.16878080368042,-0.690185546875,0.006615161895751953,0.006423473358154297,-0.00934600830078125,-0.00247955322265625,-0.007381916046142578
1786003408731800019,47,0.47000000000000003,0.47475389990380235,1786003408760989666,1786003408763433438,0,1214820,1786003408763433438,0,1214821,1786003408763433438,0,1214818,-0.7398476600646973,-0.03345918655395508,-1.7472753524780273,0.001438140869140625,-0.038828372955322266,2.2975826263427734,-0.7615146636962891,0.01236724853515625,-1.7217731475830078,-0.025406360626220703,0.009107589721679688,2.2933645248413086,0.3491,0.007184372759111784,-0.008915901184082031,-1.17108154296875,-0.7179884910583496,-0.011217117309570312,-0.005272865295410156,-0.00934600830078125,0.00629425048828125,0.013326168060302734,-1.1683969497680664,-0.7181801795959473,0.006615161895751953,0.006423473358154297,-0.00934600830078125,-0.00247955322265625,-0.007381916046142578
1786003408831625780,46,0.46,0.46462711268983437,1786003408861022472,1786003408864435272,0,1214871,1786003408864435272,0,1214872,1786003408864435272,0,1214869,-0.7398476600646973,-0.03576040267944336,-1.7814059257507324,0.0031638145446777344,-0.041512489318847656,2.3263444900512695,-0.7578716278076172,0.011983871459960938,-1.7578210830688477,-0.021763324737548828,0.00968313217163086,2.320592164993286,0.3491,0.0050321602109915575,-0.008915901184082031,-1.17108154296875,-0.7502017021179199,-0.011217117309570312,-0.005272865295410156,-0.00934600830078125,0.00629425048828125,0.013326168060302734,-1.1682052612304688,-0.7480926513671875,0.006615161895751953,0.006423473358154297,-0.00934600830078125,-0.00247955322265625,-0.007381916046142578
1786003408931537827,45,0.45,0.4548620000927136,1786003408961035013,1786003408964435230,0,1214921,1786003408964435230,0,1214922,1786003408964435230,0,1214919,-0.7392725944519043,-0.037102699279785156,-1.8132352828979492,0.004506111145019531,-0.04247140884399414,2.3520383834838867,-0.7540364265441895,0.011792182922363281,-1.7932939529418945,-0.01927042007446289,0.011024951934814453,2.3472447395324707,0.3491,0.003387700500717283,-0.008915901184082031,-1.1708898544311523,-0.7760872840881348,-0.011217117309570312,-0.005272865295410156,-0.00934600830078125,0.00629425048828125,0.013326168060302734,-1.168013572692871,-0.7760872840881348,0.006615161895751953,0.006423473358154297,-0.00934600830078125,-0.00247955322265625,-0.007381916046142578
1786003409037652895,44,0.44,0.4447455188176356,1786003409066912889,1786003409070433605,0,1214974,1786003409070433605,0,1214975,1786003409070433605,0,1214972,-0.7379302978515625,-0.03902006149291992,-1.8481330871582031,0.0050811767578125,-0.04362154006958008,2.3788833618164062,-0.7502017021179199,0.011792182922363281,-1.829533576965332,-0.01696920394897461,0.012558937072753906,2.3742809295654297,0.3491,0.002043826541136942,-0.008915901184082031,-1.170506477355957,-0.8075337409973145,-0.011217117309570312,-0.005272865295410156,-0.00934600830078125,0.00629425048828125,0.013326168060302734,-1.1676301956176758,-0.8063831329345703,0.006615161895751953,0.006423473358154297,-0.00934600830078125,-0.00247955322265625,-0.007381916046142578
1786003409143398742,43,0.43,0.4348761234267377,1786003409171062469,1786003409176434605,0,1215027,1786003409176434605,0,1215028,1786003409176434605,0,1215025,-0.7365880012512207,-0.040554046630859375,-1.88226318359375,0.006231784820556641,-0.045156002044677734,2.4055356979370117,-0.7456002235412598,0.012175559997558594,-1.8659648895263672,-0.01351785659790039,0.014476776123046875,2.39978289604187,0.3491,0.0011226191182173702,-0.008915901184082031,-1.170506477355957,-0.8385963439941406,-0.011024951934814453,-0.005272865295410156,-0.00934600830078125,0.00629425048828125,0.013326168060302734,-1.1674385070800781,-0.8370623588562012,0.006615161895751953,0.006423473358154297,-0.00934600830078125,-0.00247955322265625,-0.007381916046142578
1786003409255739415,42,0.42,0.42493185469820327,1786003409286945581,1786003409288433438,0,1215083,1786003409288433438,0,1215084,1786003409288433438,0,1215081,-0.7323694229125977,-0.043238162994384766,-1.9169692993164062,0.007573604583740234,-0.04726552963256836,2.4275856018066406,-0.7367796897888184,0.01236724853515625,-1.903355598449707,-0.009874820709228516,0.0152435302734375,2.4204914569854736,0.3491,-0.0011451047242827521,-0.008915901184082031,-1.1699309349060059,-0.8696589469909668,-0.011024951934814453,-0.005272865295410156,-0.00934600830078125,0.00629425048828125,0.013326168060302734,-1.1672468185424805,-0.8692755699157715,0.006615161895751953,0.006423473358154297,-0.00934600830078125,-0.00247955322265625,-0.007381916046142578
1786003409390628082,41,0.41000000000000003,0.4148288035169942,1786003409421042681,1786003409422434438,0,1215150,1786003409422434438,0,1215151,1786003409422434438,0,1215148,-0.7223987579345703,-0.04592323303222656,-1.9560856819152832,0.009107589721679688,-0.04956626892089844,2.4465694427490234,-0.722590446472168,0.011408805847167969,-1.9486074447631836,-0.006040096282958984,0.016010284423828125,2.438898801803589,0.3491,-0.002564570474912973,-0.008915901184082031,-1.1695475578308105,-0.9089665412902832,-0.011024951934814453,-0.005272865295410156,-0.00934600830078125,0.00629425048828125,0.013326168060302734,-1.1670551300048828,-0.9080076217651367,0.006615161895751953,0.006423473358154297,-0.00934600830078125,-0.00247955322265625,-0.007381916046142578
1786003409572949857,40,0.4,0.4049135026811833,1786003409601014137,1786003409604433855,0,1215241,1786003409604433855,0,1215242,1786003409604433855,0,1215239,-0.6968965530395508,-0.05167531967163086,-2.0044050216674805,0.009299278259277344,-0.05071687698364258,2.45443058013916,-0.6978554725646973,0.006615161895751953,-2.0021047592163086,-0.004314422607421875,0.016202449798583984,2.4498283863067627,0.3491,-0.005673440376520062,-0.009107589721679688,-1.169355869293213,-0.9609293937683105,-0.011024951934814453,-0.005272865295410156,-0.00934600830078125,0.00629425048828125,0.013326168060302734,-1.1659045219421387,-0.9607377052307129,0.006423473358154297,0.006423473358154297,-0.00934600830078125,-0.00247955322265625,-0.007381916046142578
